缺陷编号,标题,步骤描述,预期结果,实际结果,状态,严重程度,缺陷截图,缺陷截图2,修复情况
BUG-01,输入错误的邀请码，会出现2个重复提示,"1. 进入注册页面
2. 输入错误的邀请码
3. 输入邮箱，点击获取验证码",只有1个提示,存在2个提示,新提交,建议,,,0.3.96/2134 正式包 修复完成
BUG-02,用户协议、隐私政策无法查看,"1. 进入登录页面
2. 查看用户协议、隐私政策",能正常查看,无法查看,新提交,一般,,,0.3.96/2134 正式包 修复完成
BUG-03,通讯录右侧滚动字母展示需要优化，可以从标签下方开始展示,"1. 进入通讯录
2. 查看右侧的展示",需要优化，参考微信,展示不合理,新提交,一般,,,
BUG-04,邀请码- 复制邀请链接，打开页面404,"1. 进入个人信息-邀请码
2. 复制邀请链接，去浏览器打开",能正常打开,打开页面404,新提交,严重,,,0.3.96/2134 正式包 修复完成
BUG-05,我的进行保存操作，无任何提示,"1. 进入我的
2. 修改后点击保存",有提示,无提示,新提交,一般,,,0.3.96/2134 正式包 修复完成
BUG-06,全部账单页面，筛选等样式需要优化,"1. 进入我的-点钻
2. 点击进入全部账单，查看",筛选等展示正常,展示不合理,新提交,一般,,,0.3.96/2134 正式包 修复完成
BUG-07,消息与通知，勿扰模式后存在多余文字展示,"1. 进入我的-设置-消息与通知
2. 查看勿扰模式后文字展示",展示正确,展示 (PRDS30,新提交,一般,,,
BUG-08,设置中，减少动态效果功能无效,"1. 进入我的-设置
2. 点击减少动态效果设置",能进行修改,点击无效,新提交,一般,,,
BUG-09, 新增好友时增加标签，在标签中不展示,"1. 新增好友时增加标签
2. 新增完成后，进入标签中查看",新增的标签能展示,新增的标签不能展示,新提交,严重,,,
BUG-10,黑名单设置无效,"1.进入好友设置
2. 点击黑名单的打开
3. 设置后，再次进入查看",设置生效,设置未生效，状态被重置,新提交,严重,,,
BUG-11,黑名单的打开按钮名称显示错误,"1.进入好友设置
2. 点击黑名单的打开
3. 查看按钮展示",展示 取消、确定,展示 取消、删除,新提交,一般,,,
BUG-12,更换邮箱，操作失败,"1. 进入注册页面
2. 输入邮箱后下一步，再点击修改邮箱
3. 更换邮箱，点击继续验证邮箱",能更换邮箱成功,更换邮箱失败,新提交,严重,,,
BUG-13,新的朋友页面，头像展示为空,"1. 进入新的朋友页面
2. 查看消息的头像展示",能展示正常,展示为空,新提交,一般,,,
BUG-14,"1. 通话消息气泡：需要直接能区分时语音通话还是视频通话
2. 再次点击通话消息气泡，能直接再次拨打，语音或者视频通话","1. 进入聊天页面
2.已进行过语音、视频聊天
3. 点击通话消息气泡","1. 需要直接能区分时语音通话还是视频通话
2. 点击通话消息气泡，能直接再次拨打",与预期结果不一致,新提交,严重,,,
BUG-15,已经设置未读后，再次点击 不展示 标记未读按钮,"1. 进入消息
2. 点击消息设置 标记未读
3. 再次 点击消息设置 标记未读",已经设置未读后，再次点击 不展示 标记未读按钮,仍然展示,新提交,一般,,,
BUG-16,聊天信息页面，点击添加进行发起群聊操作，发起群聊页面，建议默认选中该用户，可取消,"1. 进入消息
2. 进入聊天信息页面
3. 点击添加进行发起群聊操作",发起群聊页面，建议默认选中该用户，可取消,未选中,新提交,一般,,,
BUG-17,置顶后的消息背景颜色与后面背景颜色需要有区分,"1. 进入消息
2. 点击置顶
3. 置顶后查看",置顶后的消息背景颜色与后面背景颜色需要有区分,指定后的消息背景颜色与后面背景颜色一致,新提交,建议,,,
BUG-18,平台建议增加直接取消封禁功能,平台建议增加直接取消封禁功能,平台建议增加直接取消封禁功能,平台建议增加直接取消封禁功能,新提交,一般,,,
BUG-19,被封禁用户进行登录，提示错误,"1. 被封禁用户进行登录操作
2. 查看提示",提示正确 ,提示 账号或密码错误,新提交,一般,,,
BUG-20,消息列表中能有草稿的标识,1.有草稿的会话，消息列表中展示,消息列表中能有草稿的标识,消息列表中能显示草稿的标识,新提交,一般,,,
BUG-21,先后进行通过好友操作，后面那个会报错,"1. 2个账号同时申请好友
2. 一个先通过
3. 另一个再去通过",不会出现异常,提示 操作未完成 ，实际网络这些没问题,新提交,一般,,,
BUG-22,视频通话-接听按钮，需要更换为视频接通按钮,"1. 拨打视频通话
2. 查看接听按钮",更换为视频接通按钮,与语音接通按钮一致,新提交,一般,,,
BUG-23,未读消息数量展示不正确,"1. 未在详情页面，进行拨打视频通话
2. 接通活着挂断后
3. 查看未读消息数量",数量展示正确,数量展示不正确，只有2条消息，但是展示4个未读,新提交,一般,,,
BUG-24,拉被禁用的用户进群，无任何提示，但是实际拉不成功,1. 拉被禁用的用户进群,不能拉取或者有对应提示,无任何提示，但是实际拉不成功,新提交,一般,,,
BUG-25, 图片编辑状态，进行收藏、保存到本地操作，提示不会消失,"1. 图片编辑状态
2. 进行收藏、保存到本地操作
3. 查看操作后提示",提示过几秒能消失,提示不会消失,新提交,一般,,,
BUG-26,转发到群，群头像展示为空,"1. 图片编辑后，进行转发操作
2. 转发到群",群头像展示正确,群头像展示为空,新提交,一般,,,
BUG-27,图片编辑状态进行转发后，一直显示 正在发送,"1. 图片编辑状态
2. 进行转发后返回查看",不会一直显示 正在发送，建议退出编辑状态,一直显示 正在发送,新提交,一般,,,
BUG-28,编辑状态的图片，连续2次发送，图片大小展示不一致,"1. 编辑状态的图片，连续2次发送
2. 查看图片",图片大小展示一致,图片大小展示不一致,新提交,一般,,,
BUG-29, 群聊退出只剩一个人，不会自动变为群主,1. 群聊退出只剩一个人,能自动变为群主,不会自动变为群主,新提交,一般,,,
BUG-30,重复申请，加同一个好友，无任何提示,1. 重复申请，加同一个好友,有对应提示,无任何提示,新提交,一般,,,
BUG-31,申请好友页面，建议做一下优化,1. 进入申请好友页面,建议做一下优化,展示不够美观,新提交,建议,,,
BUG-32,聊天记录中的引用按钮，建议更换样式,1. 聊天记录中的引用按钮,建议更换样式,展示不合理,新提交,一般,,,
BUG-33,配置消息提醒后，到时间不会提醒,"1. 配置消息提醒后
2. 到时间查看",能提醒,不会提醒,新提交,一般,,,
BUG-34,发送语音，滑到这里，转文字，功能无效,1. 发送语音，滑到这里，转文字,功能有效,功能无效,新提交,一般,,,
BUG-35,发送视频，需要有状态加载提示，可进行暂时、重试等,1. 发送视频,有状态加载提示，可进行暂时、重试等,无对应功能,新提交,一般,,,
BUG-36,选择表情，直接点击发送，不能发送成功,"1. 进入聊天页面
2.选择表情，直接点击发送",能直接发送成功,点击发送会先收起下面的表情选择区域，要再点击发送，才能成功,新提交,一般,,,
BUG-37,搜索后，查看聊天记录，展示不正常，头像显示？,"1. 消息页
2. 搜索后，查看聊天记录",展示正常,展示不正常，头像显示？,新提交,一般,,,
BUG-38,朋友圈更换封面操作，偶尔出现报错提示,"1.进入朋友圈
2. 进行更换封面操作
3. 查看结果",不会出现异常,偶尔出现报错提示,新提交,一般,,,
BUG-39,转账，对方收款后，在当前页面不操作，能直接变为 已收款状态,1. 转账，对方收款后,在当前页面不操作，能直接实时变为 已收款状态,不会直接变为已收款状态,新提交,一般,,,
BUG-40,语音条，他能不能像别的软件读完一条，继续往下一条没读取的继续读,,,,新提交,一般,,,
BUG-41,进入“朋友圈”页面，会出现“正在加载”的提示状态栏,"1，在弱网情况下，进入“朋友圈”页面
2，点击查看大图
3，出现“正在加载”的提示状态栏
4，退出大图，该提示状态栏持续存在无法消失",不会出现“正在加载”的提示状态栏,该提示状态栏持续存在无法消失,新提交,一般,,,
BUG-42,,,,,新提交,一般,,,
BUG-43,,,,,新提交,一般,,,
BUG-44,,,,,新提交,一般,,,
BUG-45,,,,,新提交,一般,,,
BUG-46,,,,,新提交,一般,,,
BUG-47,,,,,新提交,一般,,,
BUG-48,,,,,新提交,一般,,,
BUG-49,,,,,新提交,一般,,,
BUG-50,,,,,新提交,一般,,,
BUG-51,,,,,新提交,一般,,,
BUG-52,,,,,新提交,一般,,,
BUG-53,,,,,新提交,一般,,,
BUG-54,,,,,新提交,一般,,,
BUG-55,,,,,新提交,一般,,,
,,,,,新提交,一般,,,
,,,,,新提交,一般,,,